Unofficial Results Add on #3 - Projected Outstanding Ballots 210,000      (Next Update 3/8/20 5PM or earlier)
Contest Name,Candidate Name,Party,Early Voting Votes,Mail Ballots Votes,Election Day Votes,Provisional Votes,Total Votes,Number Of Precincts,Precincts Reported,Ballots Cast
"Total Precincts Reported","1862"
"PRESIDENT OF THE UNITED STATES  REPUBLICAN","ROBERT ARDINI","1","0","0","869","0","869","1862","1862","225029"
"PRESIDENT OF THE UNITED STATES  REPUBLICAN","JOE WALSH","1","0","0","4458","0","4458","1862","1862","225029"
"PRESIDENT OF THE UNITED STATES  REPUBLICAN","BILL WELD","1","0","0","5244","0","5244","1862","1862","225029"
"PRESIDENT OF THE UNITED STATES  REPUBLICAN","ROQUE ""ROCKY"" DE LA FUENTE","1","0","0","2417","0","2417","1862","1862","225029"
"PRESIDENT OF THE UNITED STATES  REPUBLICAN","MATTHEW JOHN MATERN","1","0","0","801","0","801","1862","1862","225029"
"PRESIDENT OF THE UNITED STATES  REPUBLICAN","ZOLTAN G. ISTVAN","1","0","0","690","0","690","1862","1862","225029"
"PRESIDENT OF THE UNITED STATES  REPUBLICAN","DONALD J. TRUMP","1","0","0","196300","0","196300","1862","1862","225029"
"PRESIDENT OF THE UNITED STATES  DEMOCRATIC","JULIÃN CASTRO","7","0","0","626","0","626","1862","1862","352753"
"PRESIDENT OF THE UNITED STATES  DEMOCRATIC","MICHAEL A. ELLINGER","7","0","0","123","0","123","1862","1862","352753"
"PRESIDENT OF THE UNITED STATES  DEMOCRATIC","ELIZABETH WARREN","7","0","0","45645","0","45645","1862","1862","352753"
"PRESIDENT OF THE UNITED STATES  DEMOCRATIC","MARIANNE WILLIAMSON","7","0","0","302","0","302","1862","1862","352753"
"PRESIDENT OF THE UNITED STATES  DEMOCRATIC","ANDREW YANG","7","0","0","2198","0","2198","1862","1862","352753"
"PRESIDENT OF THE UNITED STATES  DEMOCRATIC","ROQUE ""ROCKY"" DE LA FUENTE III","7","0","0","353","0","353","1862","1862","352753"
"PRESIDENT OF THE UNITED STATES  DEMOCRATIC","JOHN K. DELANEY","7","0","0","165","0","165","1862","1862","352753"
"PRESIDENT OF THE UNITED STATES  DEMOCRATIC","AMY KLOBUCHAR","7","0","0","10671","0","10671","1862","1862","352753"
"PRESIDENT OF THE UNITED STATES  DEMOCRATIC","BERNIE SANDERS","7","0","0","109575","0","109575","1862","1862","352753"
"PRESIDENT OF THE UNITED STATES  DEMOCRATIC","JOE SESTAK","7","0","0","124","0","124","1862","1862","352753"
"PRESIDENT OF THE UNITED STATES  DEMOCRATIC","TOM STEYER","7","0","0","7291","0","7291","1862","1862","352753"
"PRESIDENT OF THE UNITED STATES  DEMOCRATIC","DEVAL PATRICK","7","0","0","87","0","87","1862","1862","352753"
"PRESIDENT OF THE UNITED STATES  DEMOCRATIC","MICHAEL BENNET","7","0","0","255","0","255","1862","1862","352753"
"PRESIDENT OF THE UNITED STATES  DEMOCRATIC","MICHAEL R. BLOOMBERG","7","0","0","48493","0","48493","1862","1862","352753"
"PRESIDENT OF THE UNITED STATES  DEMOCRATIC","MOSIE BOYD","7","0","0","88","0","88","1862","1862","352753"
"PRESIDENT OF THE UNITED STATES  DEMOCRATIC","CORY BOOKER","7","0","0","326","0","326","1862","1862","352753"
"PRESIDENT OF THE UNITED STATES  DEMOCRATIC","PETE BUTTIGIEG","7","0","0","24122","0","24122","1862","1862","352753"
"PRESIDENT OF THE UNITED STATES  DEMOCRATIC","JOSEPH R. BIDEN","7","0","0","94745","0","94745","1862","1862","352753"
"PRESIDENT OF THE UNITED STATES  DEMOCRATIC","TULSI GABBARD","7","0","0","2257","0","2257","1862","1862","352753"
"PRESIDENT OF THE UNITED STATES  DEMOCRATIC","MARK STEWART GREENSTEIN","7","0","0","166","0","166","1862","1862","352753"
"PRESIDENT OF THE UNITED STATES  AMERICAN INDEPENDENT","PHIL COLLINS","2","0","0","1140","0","1140","1862","1862","16325"
"PRESIDENT OF THE UNITED STATES  AMERICAN INDEPENDENT","ROQUE ""ROCKY"" DE LA FUENTE","2","0","0","1122","0","1122","1862","1862","16325"
"PRESIDENT OF THE UNITED STATES  AMERICAN INDEPENDENT","CHARLES KRAUT","2","0","0","454","0","454","1862","1862","16325"
"PRESIDENT OF THE UNITED STATES  AMERICAN INDEPENDENT","J.R. MYERS","2","0","0","492","0","492","1862","1862","16325"
"PRESIDENT OF THE UNITED STATES  AMERICAN INDEPENDENT","DON BLANKENSHIP","2","0","0","686","0","686","1862","1862","16325"
"PRESIDENT OF THE UNITED STATES  PEACE & FREEDOM","HOWIE HAWKINS","5","0","0","117","0","117","1862","1862","588"
"PRESIDENT OF THE UNITED STATES  PEACE & FREEDOM","GLORIA LA RIVA","5","0","0","209","0","209","1862","1862","588"
"PRESIDENT OF THE UNITED STATES  LIBERTARIAN","KEN ARMSTRONG","4","0","0","180","0","180","1862","1862","4154"
"PRESIDENT OF THE UNITED STATES  LIBERTARIAN","MAX ABRAMSON","4","0","0","123","0","123","1862","1862","4154"
"PRESIDENT OF THE UNITED STATES  LIBERTARIAN","SAM ROBB","4","0","0","127","0","127","1862","1862","4154"
"PRESIDENT OF THE UNITED STATES  LIBERTARIAN","KIM RUFF","4","0","0","141","0","141","1862","1862","4154"
"PRESIDENT OF THE UNITED STATES  LIBERTARIAN","STEVEN A RICHEY","4","0","0","58","0","58","1862","1862","4154"
"PRESIDENT OF THE UNITED STATES  LIBERTARIAN","JACOB HORNBERGER","4","0","0","445","0","445","1862","1862","4154"
"PRESIDENT OF THE UNITED STATES  LIBERTARIAN","SOURAYA FAAS","4","0","0","57","0","57","1862","1862","4154"
"PRESIDENT OF THE UNITED STATES  LIBERTARIAN","KEENAN WALLACE DUNHAM","4","0","0","30","0","30","1862","1862","4154"
"PRESIDENT OF THE UNITED STATES  LIBERTARIAN","ADAM KOKESH","4","0","0","130","0","130","1862","1862","4154"
"PRESIDENT OF THE UNITED STATES  LIBERTARIAN","VERMIN SUPREME","4","0","0","272","0","272","1862","1862","4154"
"PRESIDENT OF THE UNITED STATES  LIBERTARIAN","JO JORGENSEN","4","0","0","270","0","270","1862","1862","4154"
"PRESIDENT OF THE UNITED STATES  LIBERTARIAN","DAN BEHRMAN","4","0","0","126","0","126","1862","1862","4154"
"PRESIDENT OF THE UNITED STATES  LIBERTARIAN","ERIK CHASE GERHARDT","4","0","0","55","0","55","1862","1862","4154"
"PRESIDENT OF THE UNITED STATES  GREEN","DAVID ROLDE","3","0","0","43","0","43","1862","1862","1230"
"PRESIDENT OF THE UNITED STATES  GREEN","HOWIE HAWKINS","3","0","0","233","0","233","1862","1862","1230"
"PRESIDENT OF THE UNITED STATES  GREEN","DARIO HUNTER","3","0","0","148","0","148","1862","1862","1230"
"PRESIDENT OF THE UNITED STATES  GREEN","DENNIS LAMBERT","3","0","0","88","0","88","1862","1862","1230"
"PRESIDENT OF THE UNITED STATES  GREEN","SEDINAM MOYOWASIFZA-CURRY","3","0","0","124","0","124","1862","1862","1230"
"UNITED STATES REPRESENTATIVE 49TH DISTRICT","MIKE LEVIN","7","0","0","70680","0","70680","326","326","125814"
"UNITED STATES REPRESENTATIVE 49TH DISTRICT","BRIAN MARYOTT","1","0","0","51342","0","51342","326","326","125814"
"UNITED STATES REPRESENTATIVE 50TH DISTRICT","MARISA CALDERON","7","0","0","6691","0","6691","375","375","142826"
"UNITED STATES REPRESENTATIVE 50TH DISTRICT","AMMAR CAMPA-NAJJAR","7","0","0","49997","0","49997","375","375","142826"
"UNITED STATES REPRESENTATIVE 50TH DISTRICT","JOSE CORTES","5","0","0","917","0","917","375","375","142826"
"UNITED STATES REPRESENTATIVE 50TH DISTRICT","HELEN L. HORVATH","6","0","0","758","0","758","375","375","142826"
"UNITED STATES REPRESENTATIVE 50TH DISTRICT","NATHAN ""NATE"" WILKINS","1","0","0","2773","0","2773","375","375","142826"
"UNITED STATES REPRESENTATIVE 50TH DISTRICT","HENRY ALAN OTA","6","0","0","574","0","574","375","375","142826"
"UNITED STATES REPRESENTATIVE 50TH DISTRICT","CARL DEMAIO","1","0","0","29162","0","29162","375","375","142826"
"UNITED STATES REPRESENTATIVE 50TH DISTRICT","LUCINDA KWH JAHN","6","0","0","256","0","256","375","375","142826"
"UNITED STATES REPRESENTATIVE 50TH DISTRICT","BRIAN W. JONES","1","0","0","15828","0","15828","375","375","142826"
"UNITED STATES REPRESENTATIVE 50TH DISTRICT","DARRELL ISSA","1","0","0","32254","0","32254","375","375","142826"
"UNITED STATES REPRESENTATIVE 51ST DISTRICT","JUAN M HIDALGO  JR","1","0","0","16608","0","16608","267","267","58013"
"UNITED STATES REPRESENTATIVE 51ST DISTRICT","JUAN C. VARGAS","7","0","0","39914","0","39914","267","267","58013"
"UNITED STATES REPRESENTATIVE 52ND DISTRICT","NANCY L. CASADY","7","0","0","24160","0","24160","435","435","180870"
"UNITED STATES REPRESENTATIVE 52ND DISTRICT","RYAN CUNNINGHAM","6","0","0","4236","0","4236","435","435","180870"
"UNITED STATES REPRESENTATIVE 52ND DISTRICT","JIM DEBELLO","1","0","0","58665","0","58665","435","435","180870"
"UNITED STATES REPRESENTATIVE 52ND DISTRICT","SCOTT PETERS","7","0","0","85501","0","85501","435","435","180870"
"UNITED STATES REPRESENTATIVE 53RD DISTRICT","FAMELA RAMOS","1","0","0","11284","0","11284","459","459","155980"
"UNITED STATES REPRESENTATIVE 53RD DISTRICT","JOSE CABALLERO","7","0","0","2118","0","2118","459","459","155980"
"UNITED STATES REPRESENTATIVE 53RD DISTRICT","TOM WONG","7","0","0","4961","0","4961","459","459","155980"
"UNITED STATES REPRESENTATIVE 53RD DISTRICT","JOSEPH R. FOUNTAIN","7","0","0","2438","0","2438","459","459","155980"
"UNITED STATES REPRESENTATIVE 53RD DISTRICT","MICHAEL PATRICK ORISTIAN","1","0","0","12014","0","12014","459","459","155980"
"UNITED STATES REPRESENTATIVE 53RD DISTRICT","ERIC ROGER KUTNER","7","0","0","511","0","511","459","459","155980"
"UNITED STATES REPRESENTATIVE 53RD DISTRICT","SUZETTE SANTORI","7","0","0","1033","0","1033","459","459","155980"
"UNITED STATES REPRESENTATIVE 53RD DISTRICT","CHRIS STODDARD","1","0","0","20324","0","20324","459","459","155980"
"UNITED STATES REPRESENTATIVE 53RD DISTRICT","ANNETTE MEZA","7","0","0","2714","0","2714","459","459","155980"
"UNITED STATES REPRESENTATIVE 53RD DISTRICT","SARA JACOBS","7","0","0","43095","0","43095","459","459","155980"
"UNITED STATES REPRESENTATIVE 53RD DISTRICT","JOAQUÍN VÃZQUEZ","7","0","0","1813","0","1813","459","459","155980"
"UNITED STATES REPRESENTATIVE 53RD DISTRICT","JOHN BROOKS","7","0","0","1974","0","1974","459","459","155980"
"UNITED STATES REPRESENTATIVE 53RD DISTRICT","FERNANDO GARCIA","6","0","0","1191","0","1191","459","459","155980"
"UNITED STATES REPRESENTATIVE 53RD DISTRICT","JANESSA GOLDBECK","7","0","0","12051","0","12051","459","459","155980"
"UNITED STATES REPRESENTATIVE 53RD DISTRICT","GEORGETTE GÓMEZ","7","0","0","29289","0","29289","459","459","155980"
"STATE SENATOR 39TH DISTRICT","TONI ATKINS","7","0","0","155885","0","155885","605","605","238610"
"MEMBER OF THE STATE ASSEMBLY 71ST DISTRICT","LIZ ""ELIZABETH"" LAVERTU","7","0","0","33814","0","33814","285","285","95306"
"MEMBER OF THE STATE ASSEMBLY 71ST DISTRICT","RANDY VOEPEL","1","0","0","55773","0","55773","285","285","95306"
"MEMBER OF THE STATE ASSEMBLY 75TH DISTRICT","KAREN ""KATE"" SCHWARTZ","7","0","0","26675","0","26675","201","201","76741"
"MEMBER OF THE STATE ASSEMBLY 75TH DISTRICT","MARIE WALDRON","1","0","0","41196","0","41196","201","201","76741"
"MEMBER OF THE STATE ASSEMBLY 75TH DISTRICT","ROGER GARCIA","7","0","0","3444","0","3444","201","201","76741"
"MEMBER OF THE STATE ASSEMBLY 76TH DISTRICT","TASHA BOERNER HORVATH","7","0","0","56016","0","56016","249","249","105717"
"MEMBER OF THE STATE ASSEMBLY 76TH DISTRICT","MELANIE BURKHOLDER","1","0","0","44618","0","44618","249","249","105717"
"MEMBER OF THE STATE ASSEMBLY 77TH DISTRICT","JUNE YANG CUTTER","1","0","0","50637","0","50637","308","308","124599"
"MEMBER OF THE STATE ASSEMBLY 77TH DISTRICT","BRIAN MAIENSCHEIN","7","0","0","66080","0","66080","308","308","124599"
"MEMBER OF THE STATE ASSEMBLY 78TH DISTRICT","CHRIS WARD","7","0","0","51877","0","51877","304","304","119169"
"MEMBER OF THE STATE ASSEMBLY 78TH DISTRICT","SARAH DAVIS","7","0","0","23186","0","23186","304","304","119169"
"MEMBER OF THE STATE ASSEMBLY 78TH DISTRICT","MICAH PERLIN","7","0","0","14740","0","14740","304","304","119169"
"MEMBER OF THE STATE ASSEMBLY 79TH DISTRICT","SHIRLEY N. WEBER","7","0","0","53139","0","53139","288","288","88858"
"MEMBER OF THE STATE ASSEMBLY 79TH DISTRICT","CARMELITA ""C.L."" LARRABASTER","1","0","0","14239","0","14239","288","288","88858"
"MEMBER OF THE STATE ASSEMBLY 79TH DISTRICT","JOHN MOORE","1","0","0","15568","0","15568","288","288","88858"
"MEMBER OF THE STATE ASSEMBLY 80TH DISTRICT","LINCOLN PICKARD","1","0","0","5395","0","5395","227","227","53113"
"MEMBER OF THE STATE ASSEMBLY 80TH DISTRICT","JOHN J. VOGEL","1","0","0","9971","0","9971","227","227","53113"
"MEMBER OF THE STATE ASSEMBLY 80TH DISTRICT","LORENA GONZALEZ","7","0","0","35286","0","35286","227","227","53113"
"DEMOCRATIC COUNTY CENTRAL COMMITTEE 71ST ASSEMBLY DISTRICT","TINA RYNBERG","7","0","0","10806","0","10806","285","285","30769"
"DEMOCRATIC COUNTY CENTRAL COMMITTEE 71ST ASSEMBLY DISTRICT","MARILYN RILEY","7","0","0","10452","0","10452","285","285","30769"
"DEMOCRATIC COUNTY CENTRAL COMMITTEE 71ST ASSEMBLY DISTRICT","ERIN CLARK","7","0","0","9711","0","9711","285","285","30769"
"DEMOCRATIC COUNTY CENTRAL COMMITTEE 71ST ASSEMBLY DISTRICT","SHARON B. COX","7","0","0","10384","0","10384","285","285","30769"
"DEMOCRATIC COUNTY CENTRAL COMMITTEE 71ST ASSEMBLY DISTRICT","J. ERIC HEREFORD","7","0","0","6053","0","6053","285","285","30769"
"DEMOCRATIC COUNTY CENTRAL COMMITTEE 71ST ASSEMBLY DISTRICT","JAMES ELIA","7","0","0","5048","0","5048","285","285","30769"
"DEMOCRATIC COUNTY CENTRAL COMMITTEE 71ST ASSEMBLY DISTRICT","JUDITH K. WALTERS","7","0","0","8077","0","8077","285","285","30769"
"DEMOCRATIC COUNTY CENTRAL COMMITTEE 71ST ASSEMBLY DISTRICT","TOM LEMMON","7","0","0","6530","0","6530","285","285","30769"
"DEMOCRATIC COUNTY CENTRAL COMMITTEE 71ST ASSEMBLY DISTRICT","RYAN DARSEY","7","0","0","5568","0","5568","285","285","30769"
"DEMOCRATIC COUNTY CENTRAL COMMITTEE 71ST ASSEMBLY DISTRICT","TIFFANY MAPLE","7","0","0","6871","0","6871","285","285","30769"
"DEMOCRATIC COUNTY CENTRAL COMMITTEE 71ST ASSEMBLY DISTRICT","CHRIS PEARSON","7","0","0","6713","0","6713","285","285","30769"
"DEMOCRATIC COUNTY CENTRAL COMMITTEE 71ST ASSEMBLY DISTRICT","CHRISTINA PERRY","7","0","0","11288","0","11288","285","285","30769"
"DEMOCRATIC COUNTY CENTRAL COMMITTEE 71ST ASSEMBLY DISTRICT","ROBERT GRAND","7","0","0","5682","0","5682","285","285","30769"
"REPUBLICAN COUNTY CENTRAL COMMITTEE 71ST ASSEMBLY DISTRICT","JOEL ANDERSON","1","0","0","27714","0","27714","285","285","47215"
"REPUBLICAN COUNTY CENTRAL COMMITTEE 71ST ASSEMBLY DISTRICT","STEVE ROBAK","1","0","0","7467","0","7467","285","285","47215"
"REPUBLICAN COUNTY CENTRAL COMMITTEE 71ST ASSEMBLY DISTRICT","MIKE HARRISON","1","0","0","5049","0","5049","285","285","47215"
"REPUBLICAN COUNTY CENTRAL COMMITTEE 71ST ASSEMBLY DISTRICT","FRANK I. HILLIKER","1","0","0","19682","0","19682","285","285","47215"
"REPUBLICAN COUNTY CENTRAL COMMITTEE 71ST ASSEMBLY DISTRICT","BARON T. ""BARRY"" WILLIS","1","0","0","9817","0","9817","285","285","47215"
"REPUBLICAN COUNTY CENTRAL COMMITTEE 71ST ASSEMBLY DISTRICT","CHRISTINE LA MARCA","1","0","0","6056","0","6056","285","285","47215"
"REPUBLICAN COUNTY CENTRAL COMMITTEE 71ST ASSEMBLY DISTRICT","RON NEHRING","1","0","0","8523","0","8523","285","285","47215"
"REPUBLICAN COUNTY CENTRAL COMMITTEE 71ST ASSEMBLY DISTRICT","GARY G. KREEP","1","0","0","9468","0","9468","285","285","47215"
"REPUBLICAN COUNTY CENTRAL COMMITTEE 71ST ASSEMBLY DISTRICT","JIM KELLY","1","0","0","14273","0","14273","285","285","47215"
"REPUBLICAN COUNTY CENTRAL COMMITTEE 71ST ASSEMBLY DISTRICT","JILL BARTO","1","0","0","5995","0","5995","285","285","47215"
"REPUBLICAN COUNTY CENTRAL COMMITTEE 71ST ASSEMBLY DISTRICT","MARK BRYAN","1","0","0","11964","0","11964","285","285","47215"
"REPUBLICAN COUNTY CENTRAL COMMITTEE 71ST ASSEMBLY DISTRICT","DAN BICKFORD","1","0","0","10310","0","10310","285","285","47215"
"REPUBLICAN COUNTY CENTRAL COMMITTEE 71ST ASSEMBLY DISTRICT","JORDAN GASCON","1","0","0","6832","0","6832","285","285","47215"
"REPUBLICAN COUNTY CENTRAL COMMITTEE 71ST ASSEMBLY DISTRICT","DUSTIN TROTTER","1","0","0","12544","0","12544","285","285","47215"
"DEMOCRATIC COUNTY CENTRAL COMMITTEE 75TH ASSEMBLY DISTRICT","HEATHER ROBERTS","7","0","0","8380","0","8380","201","201","26718"
"DEMOCRATIC COUNTY CENTRAL COMMITTEE 75TH ASSEMBLY DISTRICT","ANTONIO R. ROBLES","7","0","0","5781","0","5781","201","201","26718"
"DEMOCRATIC COUNTY CENTRAL COMMITTEE 75TH ASSEMBLY DISTRICT","THERESA ""TERRY"" CORRALES","7","0","0","8048","0","8048","201","201","26718"
"DEMOCRATIC COUNTY CENTRAL COMMITTEE 75TH ASSEMBLY DISTRICT","GLORIA R. CONEJO","7","0","0","8223","0","8223","201","201","26718"
"DEMOCRATIC COUNTY CENTRAL COMMITTEE 75TH ASSEMBLY DISTRICT","ROBERT ""BOB"" J. HAMILTON","7","0","0","4925","0","4925","201","201","26718"
"DEMOCRATIC COUNTY CENTRAL COMMITTEE 75TH ASSEMBLY DISTRICT","NICOLLE LEEDS","7","0","0","4123","0","4123","201","201","26718"
"DEMOCRATIC COUNTY CENTRAL COMMITTEE 75TH ASSEMBLY DISTRICT","WAYNE LU","7","0","0","5578","0","5578","201","201","26718"
"DEMOCRATIC COUNTY CENTRAL COMMITTEE 75TH ASSEMBLY DISTRICT","MICHAEL F. SUMMERS","7","0","0","4229","0","4229","201","201","26718"
"DEMOCRATIC COUNTY CENTRAL COMMITTEE 75TH ASSEMBLY DISTRICT","VALENTINE RICHARD MACEDO","7","0","0","3157","0","3157","201","201","26718"
"DEMOCRATIC COUNTY CENTRAL COMMITTEE 75TH ASSEMBLY DISTRICT","GIBHRAN JIMENEZ","7","0","0","6834","0","6834","201","201","26718"
"DEMOCRATIC COUNTY CENTRAL COMMITTEE 75TH ASSEMBLY DISTRICT","VANESSA VALENZUELA","7","0","0","6661","0","6661","201","201","26718"
"DEMOCRATIC COUNTY CENTRAL COMMITTEE 75TH ASSEMBLY DISTRICT","GEORGE VAN HASSELT","7","0","0","4865","0","4865","201","201","26718"
"DEMOCRATIC COUNTY CENTRAL COMMITTEE 75TH ASSEMBLY DISTRICT","PAM BLAND","7","0","0","4220","0","4220","201","201","26718"
"DEMOCRATIC COUNTY CENTRAL COMMITTEE 75TH ASSEMBLY DISTRICT","GARY BLAND","7","0","0","3266","0","3266","201","201","26718"
"DEMOCRATIC COUNTY CENTRAL COMMITTEE 75TH ASSEMBLY DISTRICT","TIFFANY E. BOYD-HODGSON","7","0","0","5900","0","5900","201","201","26718"
"DEMOCRATIC COUNTY CENTRAL COMMITTEE 75TH ASSEMBLY DISTRICT","ARMANDO J. TELLES","7","0","0","2393","0","2393","201","201","26718"
"DEMOCRATIC COUNTY CENTRAL COMMITTEE 75TH ASSEMBLY DISTRICT","GEORGINE TOMASI","7","0","0","7698","0","7698","201","201","26718"
"REPUBLICAN COUNTY CENTRAL COMMITTEE 75TH ASSEMBLY DISTRICT","REGINA W. ROBERTS","1","0","0","18207","0","18207","201","201","34536"
"REPUBLICAN COUNTY CENTRAL COMMITTEE 75TH ASSEMBLY DISTRICT","DUNCAN FANE","1","0","0","5690","0","5690","201","201","34536"
"REPUBLICAN COUNTY CENTRAL COMMITTEE 75TH ASSEMBLY DISTRICT","LEE J. DE MEO","1","0","0","10440","0","10440","201","201","34536"
"REPUBLICAN COUNTY CENTRAL COMMITTEE 75TH ASSEMBLY DISTRICT","JENNIFER DE MEO","1","0","0","3926","0","3926","201","201","34536"
"REPUBLICAN COUNTY CENTRAL COMMITTEE 75TH ASSEMBLY DISTRICT","WILLIAM DEL PILAR","1","0","0","4452","0","4452","201","201","34536"
"REPUBLICAN COUNTY CENTRAL COMMITTEE 75TH ASSEMBLY DISTRICT","ALANA SORENSEN","1","0","0","10438","0","10438","201","201","34536"
"REPUBLICAN COUNTY CENTRAL COMMITTEE 75TH ASSEMBLY DISTRICT","MATT STOCKTON","1","0","0","12341","0","12341","201","201","34536"
"REPUBLICAN COUNTY CENTRAL COMMITTEE 75TH ASSEMBLY DISTRICT","KIMBERLY MEAD","1","0","0","14779","0","14779","201","201","34536"
"REPUBLICAN COUNTY CENTRAL COMMITTEE 75TH ASSEMBLY DISTRICT","C. BRIAN MELONAKOS","1","0","0","7970","0","7970","201","201","34536"
"REPUBLICAN COUNTY CENTRAL COMMITTEE 75TH ASSEMBLY DISTRICT","RANDY BERHOLTZ","1","0","0","9923","0","9923","201","201","34536"
"REPUBLICAN COUNTY CENTRAL COMMITTEE 75TH ASSEMBLY DISTRICT","BRIAN TINNEY","1","0","0","6303","0","6303","201","201","34536"
"DEMOCRATIC COUNTY CENTRAL COMMITTEE 76TH ASSEMBLY DISTRICT","CECILY ""CESS"" RESNICK","7","0","0","9765","0","9765","249","249","45504"
"DEMOCRATIC COUNTY CENTRAL COMMITTEE 76TH ASSEMBLY DISTRICT","ROBERT ""ROB"" HOWARD","7","0","0","8883","0","8883","249","249","45504"
"DEMOCRATIC COUNTY CENTRAL COMMITTEE 76TH ASSEMBLY DISTRICT","MEGAN LEY","7","0","0","9867","0","9867","249","249","45504"
"DEMOCRATIC COUNTY CENTRAL COMMITTEE 76TH ASSEMBLY DISTRICT","BILL FOWLER","7","0","0","7922","0","7922","249","249","45504"
"DEMOCRATIC COUNTY CENTRAL COMMITTEE 76TH ASSEMBLY DISTRICT","DANIEL R.F. O'DONNELL","7","0","0","5846","0","5846","249","249","45504"
"DEMOCRATIC COUNTY CENTRAL COMMITTEE 76TH ASSEMBLY DISTRICT","KYLE KRAHEL","7","0","0","6392","0","6392","249","249","45504"
"DEMOCRATIC COUNTY CENTRAL COMMITTEE 76TH ASSEMBLY DISTRICT","MARGUERITE KEALEY","7","0","0","8207","0","8207","249","249","45504"
"DEMOCRATIC COUNTY CENTRAL COMMITTEE 76TH ASSEMBLY DISTRICT","SHERI SACHS","7","0","0","11015","0","11015","249","249","45504"
"DEMOCRATIC COUNTY CENTRAL COMMITTEE 76TH ASSEMBLY DISTRICT","ESTHER C. SANCHEZ","7","0","0","13394","0","13394","249","249","45504"
"DEMOCRATIC COUNTY CENTRAL COMMITTEE 76TH ASSEMBLY DISTRICT","KEVIN SABELLICO","7","0","0","1547","0","1547","249","249","45504"
"DEMOCRATIC COUNTY CENTRAL COMMITTEE 76TH ASSEMBLY DISTRICT","LINDA SUE SLATER","7","0","0","9426","0","9426","249","249","45504"
"DEMOCRATIC COUNTY CENTRAL COMMITTEE 76TH ASSEMBLY DISTRICT","SARAH SPINKS","7","0","0","6783","0","6783","249","249","45504"
"DEMOCRATIC COUNTY CENTRAL COMMITTEE 76TH ASSEMBLY DISTRICT","VALENTINE MACEDO JR.","7","0","0","6895","0","6895","249","249","45504"
"DEMOCRATIC COUNTY CENTRAL COMMITTEE 76TH ASSEMBLY DISTRICT","MARIE ""MARIA"" MCENEANY","7","0","0","5576","0","5576","249","249","45504"
"DEMOCRATIC COUNTY CENTRAL COMMITTEE 76TH ASSEMBLY DISTRICT","DINAH POELLNITZ","7","0","0","6102","0","6102","249","249","45504"
"DEMOCRATIC COUNTY CENTRAL COMMITTEE 76TH ASSEMBLY DISTRICT","KYLE BRIGHT","7","0","0","7647","0","7647","249","249","45504"
"DEMOCRATIC COUNTY CENTRAL COMMITTEE 76TH ASSEMBLY DISTRICT","MICHAEL BULLOCK","7","0","0","4641","0","4641","249","249","45504"
"DEMOCRATIC COUNTY CENTRAL COMMITTEE 76TH ASSEMBLY DISTRICT","FRANCINE BUSBY","7","0","0","15233","0","15233","249","249","45504"
"DEMOCRATIC COUNTY CENTRAL COMMITTEE 76TH ASSEMBLY DISTRICT","LUKE TESLUK","7","0","0","7582","0","7582","249","249","45504"
"REPUBLICAN COUNTY CENTRAL COMMITTEE 76TH ASSEMBLY DISTRICT","JUDY REES","1","0","0","12462","0","12462","249","249","37419"
"REPUBLICAN COUNTY CENTRAL COMMITTEE 76TH ASSEMBLY DISTRICT","DONNA CLEARY","1","0","0","11761","0","11761","249","249","37419"
"REPUBLICAN COUNTY CENTRAL COMMITTEE 76TH ASSEMBLY DISTRICT","THOMAS KROUSE","1","0","0","4725","0","4725","249","249","37419"
"REPUBLICAN COUNTY CENTRAL COMMITTEE 76TH ASSEMBLY DISTRICT","LESLIE SCHNEIDER","1","0","0","9521","0","9521","249","249","37419"
"REPUBLICAN COUNTY CENTRAL COMMITTEE 76TH ASSEMBLY DISTRICT","ROARKE SHANLEY","1","0","0","8749","0","8749","249","249","37419"
"REPUBLICAN COUNTY CENTRAL COMMITTEE 76TH ASSEMBLY DISTRICT","DUANE SIEGMANN","1","0","0","10888","0","10888","249","249","37419"
"REPUBLICAN COUNTY CENTRAL COMMITTEE 76TH ASSEMBLY DISTRICT","PATTI A. SIEGMANN","1","0","0","11428","0","11428","249","249","37419"
"REPUBLICAN COUNTY CENTRAL COMMITTEE 76TH ASSEMBLY DISTRICT","DENNIS A. SISNEROS","1","0","0","1412","0","1412","249","249","37419"
"REPUBLICAN COUNTY CENTRAL COMMITTEE 76TH ASSEMBLY DISTRICT","MARK MUIR","1","0","0","10195","0","10195","249","249","37419"
"REPUBLICAN COUNTY CENTRAL COMMITTEE 76TH ASSEMBLY DISTRICT","MAUREEN ""MO"" MUIR","1","0","0","5306","0","5306","249","249","37419"
"REPUBLICAN COUNTY CENTRAL COMMITTEE 76TH ASSEMBLY DISTRICT","RAY PEARSON","1","0","0","6506","0","6506","249","249","37419"
"REPUBLICAN COUNTY CENTRAL COMMITTEE 76TH ASSEMBLY DISTRICT","JOSEPH PIMENTEL","1","0","0","1883","0","1883","249","249","37419"
"REPUBLICAN COUNTY CENTRAL COMMITTEE 76TH ASSEMBLY DISTRICT","MELANIE BURKHOLDER","1","0","0","17135","0","17135","249","249","37419"
"REPUBLICAN COUNTY CENTRAL COMMITTEE 76TH ASSEMBLY DISTRICT","JOHN BUELL","1","0","0","10939","0","10939","249","249","37419"
"DEMOCRATIC COUNTY CENTRAL COMMITTEE 77TH ASSEMBLY DISTRICT","ZUBAIR AHMAD","7","0","0","7415","0","7415","308","308","51842"
"DEMOCRATIC COUNTY CENTRAL COMMITTEE 77TH ASSEMBLY DISTRICT","OCTAVIO AGUILAR","7","0","0","13274","0","13274","308","308","51842"
"DEMOCRATIC COUNTY CENTRAL COMMITTEE 77TH ASSEMBLY DISTRICT","ESTHER ""SUNNY"" ESCOVEDO","7","0","0","11544","0","11544","308","308","51842"
"DEMOCRATIC COUNTY CENTRAL COMMITTEE 77TH ASSEMBLY DISTRICT","TERRY NORWOOD","7","0","0","9867","0","9867","308","308","51842"
"DEMOCRATIC COUNTY CENTRAL COMMITTEE 77TH ASSEMBLY DISTRICT","RIA OTERO","7","0","0","7649","0","7649","308","308","51842"
"DEMOCRATIC COUNTY CENTRAL COMMITTEE 77TH ASSEMBLY DISTRICT","LORI SALDAÑA","7","0","0","20648","0","20648","308","308","51842"
"DEMOCRATIC COUNTY CENTRAL COMMITTEE 77TH ASSEMBLY DISTRICT","DANNY JACKSON","7","0","0","6231","0","6231","308","308","51842"
"DEMOCRATIC COUNTY CENTRAL COMMITTEE 77TH ASSEMBLY DISTRICT","TORREY POWERS","7","0","0","6458","0","6458","308","308","51842"
"DEMOCRATIC COUNTY CENTRAL COMMITTEE 77TH ASSEMBLY DISTRICT","MELINDA K. VÃSQUEZ","7","0","0","14500","0","14500","308","308","51842"
"DEMOCRATIC COUNTY CENTRAL COMMITTEE 77TH ASSEMBLY DISTRICT","INDRONEAL BANERJEE","7","0","0","9637","0","9637","308","308","51842"
"DEMOCRATIC COUNTY CENTRAL COMMITTEE 77TH ASSEMBLY DISTRICT","JASON M. BERCOVITCH","7","0","0","8917","0","8917","308","308","51842"
"DEMOCRATIC COUNTY CENTRAL COMMITTEE 77TH ASSEMBLY DISTRICT","LAUREN BIER","7","0","0","13949","0","13949","308","308","51842"
"DEMOCRATIC COUNTY CENTRAL COMMITTEE 77TH ASSEMBLY DISTRICT","RYAN TRABUCO","7","0","0","11813","0","11813","308","308","51842"
"REPUBLICAN COUNTY CENTRAL COMMITTEE 77TH ASSEMBLY DISTRICT","MICHAEL ALLMAN","1","0","0","7537","0","7537","308","308","42534"
"REPUBLICAN COUNTY CENTRAL COMMITTEE 77TH ASSEMBLY DISTRICT","T.J. ZANE","1","0","0","11055","0","11055","308","308","42534"
"REPUBLICAN COUNTY CENTRAL COMMITTEE 77TH ASSEMBLY DISTRICT","KELLI HILLARD","1","0","0","2892","0","2892","308","308","42534"
"REPUBLICAN COUNTY CENTRAL COMMITTEE 77TH ASSEMBLY DISTRICT","MILES HIMMEL","1","0","0","9297","0","9297","308","308","42534"
"REPUBLICAN COUNTY CENTRAL COMMITTEE 77TH ASSEMBLY DISTRICT","THERESE WATSON","1","0","0","4783","0","4783","308","308","42534"
"REPUBLICAN COUNTY CENTRAL COMMITTEE 77TH ASSEMBLY DISTRICT","LYNETTE J WILLIAMS","1","0","0","9749","0","9749","308","308","42534"
"REPUBLICAN COUNTY CENTRAL COMMITTEE 77TH ASSEMBLY DISTRICT","CARL DEMAIO","1","0","0","22214","0","22214","308","308","42534"
"REPUBLICAN COUNTY CENTRAL COMMITTEE 77TH ASSEMBLY DISTRICT","TONY P. KRVARIC","1","0","0","14246","0","14246","308","308","42534"
"REPUBLICAN COUNTY CENTRAL COMMITTEE 77TH ASSEMBLY DISTRICT","ANDREW D. SKALE","1","0","0","10062","0","10062","308","308","42534"
"REPUBLICAN COUNTY CENTRAL COMMITTEE 77TH ASSEMBLY DISTRICT","BRIAN PEPIN","1","0","0","10883","0","10883","308","308","42534"
"REPUBLICAN COUNTY CENTRAL COMMITTEE 77TH ASSEMBLY DISTRICT","KELLY BATTEN","1","0","0","9364","0","9364","308","308","42534"
"REPUBLICAN COUNTY CENTRAL COMMITTEE 77TH ASSEMBLY DISTRICT","DARREN GRETLER","1","0","0","8341","0","8341","308","308","42534"
"DEMOCRATIC COUNTY CENTRAL COMMITTEE 78TH ASSEMBLY DISTRICT","WILLIAM RODRIGUEZ-KENNEDY","7","0","0","12804","0","12804","304","304","65444"
"DEMOCRATIC COUNTY CENTRAL COMMITTEE 78TH ASSEMBLY DISTRICT","OREN ROBINSON","7","0","0","5125","0","5125","304","304","65444"
"DEMOCRATIC COUNTY CENTRAL COMMITTEE 78TH ASSEMBLY DISTRICT","CHYANN-MARIE COX","7","0","0","5688","0","5688","304","304","65444"
"DEMOCRATIC COUNTY CENTRAL COMMITTEE 78TH ASSEMBLY DISTRICT","RAMÓN ESPINAL","7","0","0","9256","0","9256","304","304","65444"
"DEMOCRATIC COUNTY CENTRAL COMMITTEE 78TH ASSEMBLY DISTRICT","KEVIN LOURENS","7","0","0","5050","0","5050","304","304","65444"
"DEMOCRATIC COUNTY CENTRAL COMMITTEE 78TH ASSEMBLY DISTRICT","GRETCHEN NEWSOM","7","0","0","12519","0","12519","304","304","65444"
"DEMOCRATIC COUNTY CENTRAL COMMITTEE 78TH ASSEMBLY DISTRICT","SARAH K. DAVIS","7","0","0","16312","0","16312","304","304","65444"
"DEMOCRATIC COUNTY CENTRAL COMMITTEE 78TH ASSEMBLY DISTRICT","CYNARA KIDWELL","7","0","0","6007","0","6007","304","304","65444"
"DEMOCRATIC COUNTY CENTRAL COMMITTEE 78TH ASSEMBLY DISTRICT","BRYAN PEASE","7","0","0","15937","0","15937","304","304","65444"
"DEMOCRATIC COUNTY CENTRAL COMMITTEE 78TH ASSEMBLY DISTRICT","JONATHAN ""CODY"" PETTERSON","7","0","0","8355","0","8355","304","304","65444"
"DEMOCRATIC COUNTY CENTRAL COMMITTEE 78TH ASSEMBLY DISTRICT","CODI VIERRA","7","0","0","6511","0","6511","304","304","65444"
"DEMOCRATIC COUNTY CENTRAL COMMITTEE 78TH ASSEMBLY DISTRICT","RICK BATES","7","0","0","13956","0","13956","304","304","65444"
"DEMOCRATIC COUNTY CENTRAL COMMITTEE 78TH ASSEMBLY DISTRICT","WENDY LEVY BATTERSON","7","0","0","7390","0","7390","304","304","65444"
"DEMOCRATIC COUNTY CENTRAL COMMITTEE 78TH ASSEMBLY DISTRICT","ZACH BUNSHAFT","7","0","0","4908","0","4908","304","304","65444"
"DEMOCRATIC COUNTY CENTRAL COMMITTEE 78TH ASSEMBLY DISTRICT","BERNADETTE BUTKIEWICZ","7","0","0","9645","0","9645","304","304","65444"
"DEMOCRATIC COUNTY CENTRAL COMMITTEE 78TH ASSEMBLY DISTRICT","LOXIE GANT","7","0","0","9000","0","9000","304","304","65444"
"DEMOCRATIC COUNTY CENTRAL COMMITTEE 78TH ASSEMBLY DISTRICT","PRATIMA GUPTA","7","0","0","13726","0","13726","304","304","65444"
"DEMOCRATIC COUNTY CENTRAL COMMITTEE 78TH ASSEMBLY DISTRICT","PARISA IJADI-MAGHSOODI","7","0","0","10582","0","10582","304","304","65444"
"DEMOCRATIC COUNTY CENTRAL COMMITTEE 78TH ASSEMBLY DISTRICT","BECCA TAYLOR","7","0","0","13854","0","13854","304","304","65444"
"DEMOCRATIC COUNTY CENTRAL COMMITTEE 78TH ASSEMBLY DISTRICT","HUY ""JEAN-HUY"" TRAN","7","0","0","8933","0","8933","304","304","65444"
"REPUBLICAN COUNTY CENTRAL COMMITTEE 78TH ASSEMBLY DISTRICT","JEAN ROESCH","1","0","0","6287","0","6287","304","304","26394"
"REPUBLICAN COUNTY CENTRAL COMMITTEE 78TH ASSEMBLY DISTRICT","MAGGIE J. CAMPBELL","1","0","0","1428","0","1428","304","304","26394"
"REPUBLICAN COUNTY CENTRAL COMMITTEE 78TH ASSEMBLY DISTRICT","TJ CHALHOUB","1","0","0","2930","0","2930","304","304","26394"
"REPUBLICAN COUNTY CENTRAL COMMITTEE 78TH ASSEMBLY DISTRICT","DANIEL T. HOLSTEIN","1","0","0","4767","0","4767","304","304","26394"
"REPUBLICAN COUNTY CENTRAL COMMITTEE 78TH ASSEMBLY DISTRICT","WASKAH M. WHELAN","1","0","0","1953","0","1953","304","304","26394"
"REPUBLICAN COUNTY CENTRAL COMMITTEE 78TH ASSEMBLY DISTRICT","DONNA J. WOODRUM","1","0","0","1848","0","1848","304","304","26394"
"REPUBLICAN COUNTY CENTRAL COMMITTEE 78TH ASSEMBLY DISTRICT","JOHN ""WOODY"" WOODRUM","1","0","0","3151","0","3151","304","304","26394"
"REPUBLICAN COUNTY CENTRAL COMMITTEE 78TH ASSEMBLY DISTRICT","MELANIE WOODS","1","0","0","1577","0","1577","304","304","26394"
"REPUBLICAN COUNTY CENTRAL COMMITTEE 78TH ASSEMBLY DISTRICT","AIMEE FAUCETT","1","0","0","6898","0","6898","304","304","26394"
"REPUBLICAN COUNTY CENTRAL COMMITTEE 78TH ASSEMBLY DISTRICT","JULIO DEGUZMAN JR.","1","0","0","3738","0","3738","304","304","26394"
"REPUBLICAN COUNTY CENTRAL COMMITTEE 78TH ASSEMBLY DISTRICT","DELIA MICHELLE SANCHEZ-HUFFMAN","1","0","0","2325","0","2325","304","304","26394"
"REPUBLICAN COUNTY CENTRAL COMMITTEE 78TH ASSEMBLY DISTRICT","MARY SCYOCURKA","1","0","0","4062","0","4062","304","304","26394"
"REPUBLICAN COUNTY CENTRAL COMMITTEE 78TH ASSEMBLY DISTRICT","ELIZABETH SPILLANE","1","0","0","8580","0","8580","304","304","26394"
"REPUBLICAN COUNTY CENTRAL COMMITTEE 78TH ASSEMBLY DISTRICT","MATTHEW G. PHY","1","0","0","6263","0","6263","304","304","26394"
"REPUBLICAN COUNTY CENTRAL COMMITTEE 78TH ASSEMBLY DISTRICT","FRANCIS BARRAZA","1","0","0","6381","0","6381","304","304","26394"
"REPUBLICAN COUNTY CENTRAL COMMITTEE 78TH ASSEMBLY DISTRICT","RICHARD BAILEY","1","0","0","11852","0","11852","304","304","26394"
"REPUBLICAN COUNTY CENTRAL COMMITTEE 78TH ASSEMBLY DISTRICT","JENNIFER BRYANT","1","0","0","4042","0","4042","304","304","26394"
"REPUBLICAN COUNTY CENTRAL COMMITTEE 78TH ASSEMBLY DISTRICT","BRADLEY GERBEL","1","0","0","8057","0","8057","304","304","26394"
"DEMOCRATIC COUNTY CENTRAL COMMITTEE 79TH ASSEMBLY DISTRICT","EVLYN ANDRADE","7","0","0","9513","0","9513","288","288","45742"
"DEMOCRATIC COUNTY CENTRAL COMMITTEE 79TH ASSEMBLY DISTRICT","EDUARDO REYES","7","0","0","9071","0","9071","288","288","45742"
"DEMOCRATIC COUNTY CENTRAL COMMITTEE 79TH ASSEMBLY DISTRICT","JESUS CARDENAS","7","0","0","6208","0","6208","288","288","45742"
"DEMOCRATIC COUNTY CENTRAL COMMITTEE 79TH ASSEMBLY DISTRICT","NIDIA CASTAÑEDA","7","0","0","6792","0","6792","288","288","45742"
"DEMOCRATIC COUNTY CENTRAL COMMITTEE 79TH ASSEMBLY DISTRICT","TEMIKA M. COOK","7","0","0","8288","0","8288","288","288","45742"
"DEMOCRATIC COUNTY CENTRAL COMMITTEE 79TH ASSEMBLY DISTRICT","BRANDON COOPERSMITH","7","0","0","9062","0","9062","288","288","45742"
"DEMOCRATIC COUNTY CENTRAL COMMITTEE 79TH ASSEMBLY DISTRICT","JEHOAN JOVANNY ESPINOZA","7","0","0","3712","0","3712","288","288","45742"
"DEMOCRATIC COUNTY CENTRAL COMMITTEE 79TH ASSEMBLY DISTRICT","CONNOR P. NESSELER","7","0","0","6056","0","6056","288","288","45742"
"DEMOCRATIC COUNTY CENTRAL COMMITTEE 79TH ASSEMBLY DISTRICT","DANNY ORTIZ","7","0","0","9069","0","9069","288","288","45742"
"DEMOCRATIC COUNTY CENTRAL COMMITTEE 79TH ASSEMBLY DISTRICT","ANDREA BETH DAMSKY","7","0","0","6040","0","6040","288","288","45742"
"DEMOCRATIC COUNTY CENTRAL COMMITTEE 79TH ASSEMBLY DISTRICT","ANGELA DE JOSEPH","7","0","0","4949","0","4949","288","288","45742"
"DEMOCRATIC COUNTY CENTRAL COMMITTEE 79TH ASSEMBLY DISTRICT","DAN SHOOK-CASTILLO","7","0","0","3852","0","3852","288","288","45742"
"DEMOCRATIC COUNTY CENTRAL COMMITTEE 79TH ASSEMBLY DISTRICT","KATHRYN MEYER","7","0","0","8291","0","8291","288","288","45742"
"DEMOCRATIC COUNTY CENTRAL COMMITTEE 79TH ASSEMBLY DISTRICT","DAVID MYERS","7","0","0","5858","0","5858","288","288","45742"
"DEMOCRATIC COUNTY CENTRAL COMMITTEE 79TH ASSEMBLY DISTRICT","DONNETTA E. MOORE","7","0","0","9697","0","9697","288","288","45742"
"DEMOCRATIC COUNTY CENTRAL COMMITTEE 79TH ASSEMBLY DISTRICT","SAMANTHA JENKINS","7","0","0","5506","0","5506","288","288","45742"
"DEMOCRATIC COUNTY CENTRAL COMMITTEE 79TH ASSEMBLY DISTRICT","SHANE PARMELY","7","0","0","7005","0","7005","288","288","45742"
"DEMOCRATIC COUNTY CENTRAL COMMITTEE 79TH ASSEMBLY DISTRICT","STEVE PADILLA","7","0","0","11357","0","11357","288","288","45742"
"DEMOCRATIC COUNTY CENTRAL COMMITTEE 79TH ASSEMBLY DISTRICT","MIRIAM KANTER PLOTKIN","7","0","0","5206","0","5206","288","288","45742"
"DEMOCRATIC COUNTY CENTRAL COMMITTEE 79TH ASSEMBLY DISTRICT","TAISHA BROWN","7","0","0","13744","0","13744","288","288","45742"
"REPUBLICAN COUNTY CENTRAL COMMITTEE 79TH ASSEMBLY DISTRICT","TAMARA RODRIGUEZ","1","0","0","9309","0","9309","288","288","24837"
"REPUBLICAN COUNTY CENTRAL COMMITTEE 79TH ASSEMBLY DISTRICT","JOHN HOY","1","0","0","8399","0","8399","288","288","24837"
"REPUBLICAN COUNTY CENTRAL COMMITTEE 79TH ASSEMBLY DISTRICT","GEORGE R. WILLIAMS","1","0","0","7021","0","7021","288","288","24837"
"REPUBLICAN COUNTY CENTRAL COMMITTEE 79TH ASSEMBLY DISTRICT","PATRICIA O'MARA","1","0","0","6922","0","6922","288","288","24837"
"REPUBLICAN COUNTY CENTRAL COMMITTEE 79TH ASSEMBLY DISTRICT","JOHN MCCANN","1","0","0","10489","0","10489","288","288","24837"
"REPUBLICAN COUNTY CENTRAL COMMITTEE 79TH ASSEMBLY DISTRICT","ANTHONY MENDIOLA","1","0","0","3027","0","3027","288","288","24837"
"REPUBLICAN COUNTY CENTRAL COMMITTEE 79TH ASSEMBLY DISTRICT","JOHN MOORE","1","0","0","7468","0","7468","288","288","24837"
"REPUBLICAN COUNTY CENTRAL COMMITTEE 79TH ASSEMBLY DISTRICT","MORGAN MURTAUGH","1","0","0","4562","0","4562","288","288","24837"
"REPUBLICAN COUNTY CENTRAL COMMITTEE 79TH ASSEMBLY DISTRICT","HECTOR RAUL GASTELUM","1","0","0","5865","0","5865","288","288","24837"
"REPUBLICAN COUNTY CENTRAL COMMITTEE 79TH ASSEMBLY DISTRICT","DYLAN GRAHAM","1","0","0","4008","0","4008","288","288","24837"
"REPUBLICAN COUNTY CENTRAL COMMITTEE 79TH ASSEMBLY DISTRICT","BARRETT TETLOW","1","0","0","5767","0","5767","288","288","24837"
"DEMOCRATIC COUNTY CENTRAL COMMITTEE 80TH ASSEMBLY DISTRICT","ROBERTO ALCANTAR","7","0","0","4694","0","4694","227","227","30216"
"DEMOCRATIC COUNTY CENTRAL COMMITTEE 80TH ASSEMBLY DISTRICT","DAVID ALVAREZ","7","0","0","11225","0","11225","227","227","30216"
"DEMOCRATIC COUNTY CENTRAL COMMITTEE 80TH ASSEMBLY DISTRICT","BRENDA AGUIRRE ARNOLD","7","0","0","3613","0","3613","227","227","30216"
"DEMOCRATIC COUNTY CENTRAL COMMITTEE 80TH ASSEMBLY DISTRICT","GENOVEVA AGUILAR","7","0","0","4604","0","4604","227","227","30216"
"DEMOCRATIC COUNTY CENTRAL COMMITTEE 80TH ASSEMBLY DISTRICT","GRETEL RODRÍGUEZ","7","0","0","4738","0","4738","227","227","30216"
"DEMOCRATIC COUNTY CENTRAL COMMITTEE 80TH ASSEMBLY DISTRICT","ANDREA CARDENAS","7","0","0","6258","0","6258","227","227","30216"
"DEMOCRATIC COUNTY CENTRAL COMMITTEE 80TH ASSEMBLY DISTRICT","STEVE CASTANEDA","7","0","0","5400","0","5400","227","227","30216"
"DEMOCRATIC COUNTY CENTRAL COMMITTEE 80TH ASSEMBLY DISTRICT","JÓSE F. CERDA","7","0","0","2192","0","2192","227","227","30216"
"DEMOCRATIC COUNTY CENTRAL COMMITTEE 80TH ASSEMBLY DISTRICT","CATHIE HYATT","7","0","0","1617","0","1617","227","227","30216"
"DEMOCRATIC COUNTY CENTRAL COMMITTEE 80TH ASSEMBLY DISTRICT","NATHAN FLETCHER","7","0","0","9100","0","9100","227","227","30216"
"DEMOCRATIC COUNTY CENTRAL COMMITTEE 80TH ASSEMBLY DISTRICT","JUDITH NUÑEZ","7","0","0","3566","0","3566","227","227","30216"
"DEMOCRATIC COUNTY CENTRAL COMMITTEE 80TH ASSEMBLY DISTRICT","SARA S. KENT","7","0","0","3965","0","3965","227","227","30216"
"DEMOCRATIC COUNTY CENTRAL COMMITTEE 80TH ASSEMBLY DISTRICT","TRAVIS KNOWLES","7","0","0","1328","0","1328","227","227","30216"
"DEMOCRATIC COUNTY CENTRAL COMMITTEE 80TH ASSEMBLY DISTRICT","JOSE G. SANCHEZ","7","0","0","3441","0","3441","227","227","30216"
"DEMOCRATIC COUNTY CENTRAL COMMITTEE 80TH ASSEMBLY DISTRICT","JONATHAN ""JOHNNY"" SWANSON","7","0","0","2725","0","2725","227","227","30216"
"DEMOCRATIC COUNTY CENTRAL COMMITTEE 80TH ASSEMBLY DISTRICT","VIVIAN MORENO","7","0","0","9343","0","9343","227","227","30216"
"DEMOCRATIC COUNTY CENTRAL COMMITTEE 80TH ASSEMBLY DISTRICT","EDDIE PADILLA","7","0","0","5400","0","5400","227","227","30216"
"DEMOCRATIC COUNTY CENTRAL COMMITTEE 80TH ASSEMBLY DISTRICT","RAFAEL A. PEREZ","7","0","0","3892","0","3892","227","227","30216"
"DEMOCRATIC COUNTY CENTRAL COMMITTEE 80TH ASSEMBLY DISTRICT","CHRISTOPHER A. VALLEJO","7","0","0","1805","0","1805","227","227","30216"
"DEMOCRATIC COUNTY CENTRAL COMMITTEE 80TH ASSEMBLY DISTRICT","TODD VOORHEES","7","0","0","1181","0","1181","227","227","30216"
"DEMOCRATIC COUNTY CENTRAL COMMITTEE 80TH ASSEMBLY DISTRICT","KELVIN H. BARRIOS","7","0","0","3396","0","3396","227","227","30216"
"DEMOCRATIC COUNTY CENTRAL COMMITTEE 80TH ASSEMBLY DISTRICT","VICTORIA A. BARBA","7","0","0","4808","0","4808","227","227","30216"
"DEMOCRATIC COUNTY CENTRAL COMMITTEE 80TH ASSEMBLY DISTRICT","KATE BISHOP","7","0","0","2868","0","2868","227","227","30216"
"DEMOCRATIC COUNTY CENTRAL COMMITTEE 80TH ASSEMBLY DISTRICT","CHRISTINA GRIFFIN-JONES","7","0","0","3192","0","3192","227","227","30216"
"DEMOCRATIC COUNTY CENTRAL COMMITTEE 80TH ASSEMBLY DISTRICT","CHRISTOPHER GRIS","7","0","0","2605","0","2605","227","227","30216"
"DEMOCRATIC COUNTY CENTRAL COMMITTEE 80TH ASSEMBLY DISTRICT","DELFINA GONZALEZ","7","0","0","4408","0","4408","227","227","30216"
"DEMOCRATIC COUNTY CENTRAL COMMITTEE 80TH ASSEMBLY DISTRICT","ANGELICA ""ANGEL"" GODINEZ","7","0","0","2228","0","2228","227","227","30216"
"REPUBLICAN COUNTY CENTRAL COMMITTEE 80TH ASSEMBLY DISTRICT","ALLAN CANDELORE","1","0","0","2743","0","2743","227","227","12094"
"REPUBLICAN COUNTY CENTRAL COMMITTEE 80TH ASSEMBLY DISTRICT","CRAIG A. CANDELORE","1","0","0","5025","0","5025","227","227","12094"
"REPUBLICAN COUNTY CENTRAL COMMITTEE 80TH ASSEMBLY DISTRICT","MARCO CISNEROS","1","0","0","2837","0","2837","227","227","12094"
"REPUBLICAN COUNTY CENTRAL COMMITTEE 80TH ASSEMBLY DISTRICT","PAULA WHITSELL","1","0","0","4470","0","4470","227","227","12094"
"REPUBLICAN COUNTY CENTRAL COMMITTEE 80TH ASSEMBLY DISTRICT","ROBERT M. SANTOS","1","0","0","3298","0","3298","227","227","12094"
"REPUBLICAN COUNTY CENTRAL COMMITTEE 80TH ASSEMBLY DISTRICT","CASSANDRA NICOLE SHAND","1","0","0","3049","0","3049","227","227","12094"
"REPUBLICAN COUNTY CENTRAL COMMITTEE 80TH ASSEMBLY DISTRICT","WILLIAM ""BUD"" MCLEROY","1","0","0","4850","0","4850","227","227","12094"
"REPUBLICAN COUNTY CENTRAL COMMITTEE 80TH ASSEMBLY DISTRICT","CHERYL B. PEREZ","1","0","0","2948","0","2948","227","227","12094"
"REPUBLICAN COUNTY CENTRAL COMMITTEE 80TH ASSEMBLY DISTRICT","LINCOLN PICKARD","1","0","0","4390","0","4390","227","227","12094"
"REPUBLICAN COUNTY CENTRAL COMMITTEE 80TH ASSEMBLY DISTRICT","J.D. BOLS","1","0","0","2636","0","2636","227","227","12094"
"PEACE & FREEDOM COUNTY CENTRAL COMMITTEE 5TH SUPERVISORIAL DISTRICT","RACHEL ANN SYLVESTER","5","0","0","35","0","35","350","350","91"
"PEACE & FREEDOM COUNTY CENTRAL COMMITTEE 5TH SUPERVISORIAL DISTRICT","ANZY MCWHA","5","0","0","16","0","16","350","350","91"
"PEACE & FREEDOM COUNTY CENTRAL COMMITTEE 5TH SUPERVISORIAL DISTRICT","ERIC S. MCGILL","5","0","0","28","0","28","350","350","91"
"PEACE & FREEDOM COUNTY CENTRAL COMMITTEE 5TH SUPERVISORIAL DISTRICT","JULIANA MUSHEYEV","5","0","0","37","0","37","350","350","91"
"PEACE & FREEDOM COUNTY CENTRAL COMMITTEE 5TH SUPERVISORIAL DISTRICT","JORDAN MILLS","5","0","0","41","0","41","350","350","91"
"JUDGE OF THE SUPERIOR COURT OFFICE NO. 18","ROBERTA WINSTON","","0","0","240439","0","240439","1862","1862","663503"
"JUDGE OF THE SUPERIOR COURT OFFICE NO. 18","CJ MODY","","0","0","299530","0","299530","1862","1862","663503"
"JUDGE OF THE SUPERIOR COURT OFFICE NO. 22","ALANA WONG ROBINSON","","0","0","291381","0","291381","1862","1862","663503"
"JUDGE OF THE SUPERIOR COURT OFFICE NO. 22","MARK SKEELS","","0","0","171004","0","171004","1862","1862","663503"
"JUDGE OF THE SUPERIOR COURT OFFICE NO. 22","STEVE MILLER","","0","0","75791","0","75791","1862","1862","663503"
"JUDGE OF THE SUPERIOR COURT OFFICE NO. 30","TIM NADER","","0","0","127698","0","127698","1862","1862","663503"
"JUDGE OF THE SUPERIOR COURT OFFICE NO. 30","PAUL STARITA","","0","0","152157","0","152157","1862","1862","663503"
"JUDGE OF THE SUPERIOR COURT OFFICE NO. 30","PETE MURRAY","","0","0","114691","0","114691","1862","1862","663503"
"JUDGE OF THE SUPERIOR COURT OFFICE NO. 30","MIKE MURPHY","","0","0","107449","0","107449","1862","1862","663503"
"JUDGE OF THE SUPERIOR COURT OFFICE NO. 36","SHAWN A. MCMILLAN","","0","0","118045","0","118045","1862","1862","663503"
"JUDGE OF THE SUPERIOR COURT OFFICE NO. 36","MICHELLE IALEGGIO","","0","0","392682","0","392682","1862","1862","663503"
"GROSSMONT-CUYAMACA COMMUNITY COLLEGE DISTRICT TRUSTEE AREA 3","JULIE SCHORR","","0","0","7750","0","7750","51","51","12373"
"GROSSMONT-CUYAMACA COMMUNITY COLLEGE DISTRICT TRUSTEE AREA 3","BARTOSZ ""BARTEK"" MURAWSKI","","0","0","2570","0","2570","51","51","12373"
"GROSSMONT-CUYAMACA COMMUNITY COLLEGE DISTRICT TRUSTEE AREA 4","ELENA ADAMS","","0","0","11750","0","11750","76","76","26837"
"GROSSMONT-CUYAMACA COMMUNITY COLLEGE DISTRICT TRUSTEE AREA 4","JORDAN GASCON","","0","0","8950","0","8950","76","76","26837"
"SAN DIEGO COMMUNITY COLLEGE DISTRICT B","BERNIE RHINERSON","","0","0","27567","0","27567","125","125","53181"
"SAN DIEGO COMMUNITY COLLEGE DISTRICT B","DANIEL PIEDRA","","0","0","13045","0","13045","125","125","53181"
"SAN DIEGO COMMUNITY COLLEGE DISTRICT D","ALEX LOUPE","","0","0","2732","0","2732","127","127","34834"
"SAN DIEGO COMMUNITY COLLEGE DISTRICT D","MIKE PALOMBA","","0","0","4460","0","4460","127","127","34834"
"SAN DIEGO COMMUNITY COLLEGE DISTRICT D","MARY GRAHAM","","0","0","20584","0","20584","127","127","34834"
"SAN DIEGO UNIFIED SCHOOL DISTRICT A","SABRINA BAZZO","","0","0","17855","0","17855","111","111","46839"
"SAN DIEGO UNIFIED SCHOOL DISTRICT A","STEPHEN GROCE","","0","0","6356","0","6356","111","111","46839"
"SAN DIEGO UNIFIED SCHOOL DISTRICT A","CRYSTAL TRULL","","0","0","12627","0","12627","111","111","46839"
"SAN DIEGO UNIFIED SCHOOL DISTRICT D","RICHARD ANDREW BARRERA","","0","0","27075","0","27075","124","124","40320"
"SAN DIEGO UNIFIED SCHOOL DISTRICT E","LAWANA RICHMOND","","0","0","9167","0","9167","108","108","25535"
"SAN DIEGO UNIFIED SCHOOL DISTRICT E","SHARON D. WHITEHURST-PAYNE","","0","0","12216","0","12216","108","108","25535"
"MEMBER  BOARD OF SUPERVISORS DISTRICT NO. 1","SOPHIA RODRIGUEZ","","0","0","10019","0","10019","322","322","82531"
"MEMBER  BOARD OF SUPERVISORS DISTRICT NO. 1","RAFA CASTELLANOS","","0","0","12630","0","12630","322","322","82531"
"MEMBER  BOARD OF SUPERVISORS DISTRICT NO. 1","BEN HUESO","","0","0","22265","0","22265","322","322","82531"
"MEMBER  BOARD OF SUPERVISORS DISTRICT NO. 1","CAMILO MARQUEZ","","0","0","1789","0","1789","322","322","82531"
"MEMBER  BOARD OF SUPERVISORS DISTRICT NO. 1","NORA VARGAS","","0","0","12783","0","12783","322","322","82531"
"MEMBER  BOARD OF SUPERVISORS DISTRICT NO. 1","TONY VILLAFRANCA","","0","0","1841","0","1841","322","322","82531"
"MEMBER  BOARD OF SUPERVISORS DISTRICT NO. 1","HENRY BELISLE","","0","0","3049","0","3049","322","322","82531"
"MEMBER  BOARD OF SUPERVISORS DISTRICT NO. 1","ALEX GALICIA","","0","0","9649","0","9649","322","322","82531"
"MEMBER  BOARD OF SUPERVISORS DISTRICT NO. 2","JOEL ANDERSON","","0","0","47746","0","47746","422","422","149353"
"MEMBER  BOARD OF SUPERVISORS DISTRICT NO. 2","BRIAN SESKO","","0","0","8519","0","8519","422","422","149353"
"MEMBER  BOARD OF SUPERVISORS DISTRICT NO. 2","STEVE VAUS","","0","0","41783","0","41783","422","422","149353"
"MEMBER  BOARD OF SUPERVISORS DISTRICT NO. 2","KENYA TAYLOR","","0","0","32943","0","32943","422","422","149353"
"MEMBER  BOARD OF SUPERVISORS DISTRICT NO. 3","TERRA LAWSON-REMER","","0","0","40438","0","40438","376","376","152471"
"MEMBER  BOARD OF SUPERVISORS DISTRICT NO. 3","OLGA DIAZ","","0","0","32392","0","32392","376","376","152471"
"MEMBER  BOARD OF SUPERVISORS DISTRICT NO. 3","KRISTIN DIANE GASPAR","","0","0","57869","0","57869","376","376","152471"
"CITY OF CARLSBAD MEMBER  CITY COUNCIL DISTRICT NO. 1","SIMON ANGEL","","0","0","818","0","818","15","15","6900"
"CITY OF CARLSBAD MEMBER  CITY COUNCIL DISTRICT NO. 1","TRACY CARMICHAEL","","0","0","2584","0","2584","15","15","6900"
"CITY OF CARLSBAD MEMBER  CITY COUNCIL DISTRICT NO. 1","CORI SCHUMACHER","","0","0","3116","0","3116","15","15","6900"
"CITY OF CHULA VISTA MEMBER  CITY COUNCIL DISTRICT NO. 3","DOUG WOLF","","0","0","1236","0","1236","33","33","9954"
"CITY OF CHULA VISTA MEMBER  CITY COUNCIL DISTRICT NO. 3","HENRY A. MARTINEZ II","","0","0","2923","0","2923","33","33","9954"
"CITY OF CHULA VISTA MEMBER  CITY COUNCIL DISTRICT NO. 3","STEVE PADILLA","","0","0","4956","0","4956","33","33","9954"
"CITY OF CHULA VISTA MEMBER  CITY COUNCIL DISTRICT NO. 4","ANDREA CARDENAS","","0","0","2493","0","2493","25","25","7099"
"CITY OF CHULA VISTA MEMBER  CITY COUNCIL DISTRICT NO. 4","MIKE DIAZ","","0","0","3165","0","3165","25","25","7099"
"CITY OF CHULA VISTA MEMBER  CITY COUNCIL DISTRICT NO. 4","DELFINA GONZALEZ","","0","0","958","0","958","25","25","7099"
"CITY OF SAN DIEGO MAYOR","BARBARA BRY","","0","0","61409","0","61409","796","796","281707"
"CITY OF SAN DIEGO MAYOR","TASHA WILLIAMSON","","0","0","15930","0","15930","796","796","281707"
"CITY OF SAN DIEGO MAYOR","TODD GLORIA","","0","0","108894","0","108894","796","796","281707"
"CITY OF SAN DIEGO MAYOR","GITA APPELBAUM SINGH","","0","0","7578","0","7578","796","796","281707"
"CITY OF SAN DIEGO MAYOR","SCOTT SHERMAN","","0","0","63110","0","63110","796","796","281707"
"CITY OF SAN DIEGO MAYOR","RICH RIEL","","0","0","5554","0","5554","796","796","281707"
"CITY OF SAN DIEGO CITY ATTORNEY","PETE MESICH","","0","0","20112","0","20112","796","796","281707"
"CITY OF SAN DIEGO CITY ATTORNEY","CORY BRIGGS","","0","0","53193","0","53193","796","796","281707"
"CITY OF SAN DIEGO CITY ATTORNEY","MARA W. ELLIOTT","","0","0","154248","0","154248","796","796","281707"
"CITY OF SAN DIEGO MEMBER  CITY COUNCIL DISTRICT NO. 1","JAMES P. RUDOLPH","","0","0","2686","0","2686","94","94","40011"
"CITY OF SAN DIEGO MEMBER  CITY COUNCIL DISTRICT NO. 1","SAM NEJABAT","","0","0","4539","0","4539","94","94","40011"
"CITY OF SAN DIEGO MEMBER  CITY COUNCIL DISTRICT NO. 1","LIJUN (LILY) ZHOU","","0","0","2727","0","2727","94","94","40011"
"CITY OF SAN DIEGO MEMBER  CITY COUNCIL DISTRICT NO. 1","WILL MOORE","","0","0","5416","0","5416","94","94","40011"
"CITY OF SAN DIEGO MEMBER  CITY COUNCIL DISTRICT NO. 1","HARID ""H."" PUENTES","","0","0","2332","0","2332","94","94","40011"
"CITY OF SAN DIEGO MEMBER  CITY COUNCIL DISTRICT NO. 1","JOE LACAVA","","0","0","8242","0","8242","94","94","40011"
"CITY OF SAN DIEGO MEMBER  CITY COUNCIL DISTRICT NO. 1","LOUIS A. RODOLICO","","0","0","1495","0","1495","94","94","40011"
"CITY OF SAN DIEGO MEMBER  CITY COUNCIL DISTRICT NO. 1","AARON BRENNAN","","0","0","4945","0","4945","94","94","40011"
"CITY OF SAN DIEGO MEMBER  CITY COUNCIL DISTRICT NO. 3","TONI DURAN","","0","0","7933","0","7933","103","103","41814"
"CITY OF SAN DIEGO MEMBER  CITY COUNCIL DISTRICT NO. 3","STEPHEN WHITBURN","","0","0","11034","0","11034","103","103","41814"
"CITY OF SAN DIEGO MEMBER  CITY COUNCIL DISTRICT NO. 3","MICHELLE NGUYEN","","0","0","6001","0","6001","103","103","41814"
"CITY OF SAN DIEGO MEMBER  CITY COUNCIL DISTRICT NO. 3","CHRIS OLSEN","","0","0","7207","0","7207","103","103","41814"
"CITY OF SAN DIEGO MEMBER  CITY COUNCIL DISTRICT NO. 3","ADRIAN KWIATKOWSKI","","0","0","2819","0","2819","103","103","41814"
"CITY OF SAN DIEGO MEMBER  CITY COUNCIL DISTRICT NO. 5","ISAAC WANG","","0","0","6493","0","6493","91","91","41715"
"CITY OF SAN DIEGO MEMBER  CITY COUNCIL DISTRICT NO. 5","JOE LEVENTHAL","","0","0","13398","0","13398","91","91","41715"
"CITY OF SAN DIEGO MEMBER  CITY COUNCIL DISTRICT NO. 5","SIMON MOGHADAM","","0","0","1374","0","1374","91","91","41715"
"CITY OF SAN DIEGO MEMBER  CITY COUNCIL DISTRICT NO. 5","MARNI VON WILPERT","","0","0","14151","0","14151","91","91","41715"
"CITY OF SAN DIEGO MEMBER  CITY COUNCIL DISTRICT NO. 7","NOLI ZOSA","","0","0","10243","0","10243","103","103","38187"
"CITY OF SAN DIEGO MEMBER  CITY COUNCIL DISTRICT NO. 7","WENDY WHEATCROFT","","0","0","6336","0","6336","103","103","38187"
"CITY OF SAN DIEGO MEMBER  CITY COUNCIL DISTRICT NO. 7","RAUL CAMPILLO","","0","0","11958","0","11958","103","103","38187"
"CITY OF SAN DIEGO MEMBER  CITY COUNCIL DISTRICT NO. 7","MONTY MCINTYRE","","0","0","4622","0","4622","103","103","38187"
"CITY OF SAN DIEGO MEMBER  CITY COUNCIL DISTRICT NO. 9","KELVIN H. BARRIOS","","0","0","5204","0","5204","83","83","19212"
"CITY OF SAN DIEGO MEMBER  CITY COUNCIL DISTRICT NO. 9","ROSS NAISMITH","","0","0","1241","0","1241","83","83","19212"
"CITY OF SAN DIEGO MEMBER  CITY COUNCIL DISTRICT NO. 9","JOHNNY LEE DANG","","0","0","2357","0","2357","83","83","19212"
"CITY OF SAN DIEGO MEMBER  CITY COUNCIL DISTRICT NO. 9","SAM BEDWELL","","0","0","1384","0","1384","83","83","19212"
"CITY OF SAN DIEGO MEMBER  CITY COUNCIL DISTRICT NO. 9","SEAN ELO","","0","0","3548","0","3548","83","83","19212"
"CITY OF SAN DIEGO MEMBER  CITY COUNCIL DISTRICT NO. 9","ANDREW GADE","","0","0","1753","0","1753","83","83","19212"
"CITY OF SAN DIEGO MEMBER  CITY COUNCIL DISTRICT NO. 9","ALEX SOTO","","0","0","1020","0","1020","83","83","19212"
"SD County MEASURE A - SAN DIEGO COUNTY AMD. TO SD COUNTY GENERAL PLAN","YES","","0","0","298496","0","298496","1862","1862","663503"
"SD County MEASURE A - SAN DIEGO COUNTY AMD. TO SD COUNTY GENERAL PLAN","NO","","0","0","315652","0","315652","1862","1862","663503"
"SD County - MEASURE B - NEWLAND SIERRA AMD. TO SD COUNTY GENERAL PLAN","YES","","0","0","256960","0","256960","1862","1862","663503"
"SD County - MEASURE B - NEWLAND SIERRA AMD. TO SD COUNTY GENERAL PLAN","NO","","0","0","359698","0","359698","1862","1862","663503"
"SD City - MEASURE C - INITIATIVE MEASURE - HOTEL VISITOR TAX INCREASE (REQ 2/3)","YES","","0","0","173048","0","173048","796","796","281707"
"SD City - MEASURE C - INITIATIVE MEASURE - HOTEL VISITOR TAX INCREASE (REQ 2/3)","NO","","0","0","95351","0","95351","796","796","281707"
"SD City - MEASURE D - CHTR. AMD. REGARDING AUDIT CMTE. & TERM OF CITY AUDITOR","YES","","0","0","199656","0","199656","796","796","281707"
"SD City - MEASURE D - CHTR. AMD. REGARDING AUDIT CMTE. & TERM OF CITY AUDITOR","NO","","0","0","46735","0","46735","796","796","281707"
"CV City - MEASURE E - PROJECT LABOR AGREEMENTS","YES","","0","0","24452","0","24452","122","122","39055"
"CV City - MEASURE E - PROJECT LABOR AGREEMENTS","NO","","0","0","12431","0","12431","122","122","39055"
"Del Mar City - MEASURE G - ADOPT OF MARISOL SPECIFIC PLAN","YES","","0","0","811","0","811","5","5","2002"
"Del Mar City - MEASURE G - ADOPT OF MARISOL SPECIFIC PLAN","NO","","0","0","1161","0","1161","5","5","2002"
"Lemon Grove City - MEASURE S - PROPOSED 3/4 CENT TRANSACTIONS AND USE TAX","YES","","0","0","2104","0","2104","14","14","5048"
"Lemon Grove City - MEASURE S - PROPOSED 3/4 CENT TRANSACTIONS AND USE TAX","NO","","0","0","2805","0","2805","14","14","5048"
"National City - MEASURE H - SHALL CITY CLERK & TREASURER BE APPOINTED","YES","","0","0","2417","0","2417","25","25","5673"
"National City - MEASURE H - SHALL CITY CLERK & TREASURER BE APPOINTED","NO","","0","0","2774","0","2774","25","25","5673"
"National City - MEASURE J - REPEAL ORD. 2019-2463 (PET SALES)","YES","","0","0","3252","0","3252","25","25","5673"
"National City - MEASURE J - REPEAL ORD. 2019-2463 (PET SALES)","NO","","0","0","2185","0","2185","25","25","5673"
"Oceanside City - MEASURE K - SHALL CITY CLERK & TREASURER BE APPOINTED BY CITY MANAGER","YES","","0","0","8713","0","8713","87","87","36979"
"Oceanside City - MEASURE K - SHALL CITY CLERK & TREASURER BE APPOINTED BY CITY MANAGER","NO","","0","0","26007","0","26007","87","87","36979"
"Cajon Valley School -  MEASURE L - $220M OF BONDS (REQ 55%)","BONDS - YES","","0","0","12932","0","12932","103","103","30809"
"Cajon Valley School -  MEASURE L - $220M OF BONDS (REQ 55%)","BONDS - NO","","0","0","15870","0","15870","103","103","30809"
"Chula Vista School - MEASURE M - $300M OF BONDS (REQ 55%)","BONDS - YES","","0","0","23065","0","23065","159","159","45906"
"Chula Vista School - MEASURE M - $300M OF BONDS (REQ 55%)","BONDS - NO","","0","0","20771","0","20771","159","159","45906"
"Escondido Union School - MEASURE Q - $205M IN BONDS (REQ 55%)","BONDS - YES","","0","0","15072","0","15072","89","89","30890"
"Escondido Union School - MEASURE Q - $205M IN BONDS (REQ 55%)","BONDS - NO","","0","0","14449","0","14449","89","89","30890"
"Lakeside Union School - MEASURE R - $33M OF BONDS (REQ 55%)","BONDS - YES","","0","0","4056","0","4056","27","27","10554"
"Lakeside Union School - MEASURE R - $33M OF BONDS (REQ 55%)","BONDS - NO","","0","0","6016","0","6016","27","27","10554"
"Poway Unified School - MEASURE P - $448M IN BONDS (REQ 55%)","BONDS - YES","","0","0","23687","0","23687","124","124","50850"
"Poway Unified School - MEASURE P - $448M IN BONDS (REQ 55%)","BONDS - NO","","0","0","24997","0","24997","124","124","50850"
"San Ysidro School - MEASURE T - $52.985M OF BONDS (REQ 55%)","BONDS - YES","","0","0","1994","0","1994","22","22","3052"
"San Ysidro School - MEASURE T - $52.985M OF BONDS (REQ 55%)","BONDS - NO","","0","0","923","0","923","22","22","3052"
"San Ysidro School - MEASURE U - $55.5M OF BONDS (REQ 55%)","BONDS - YES","","0","0","1940","0","1940","22","22","3052"
"San Ysidro School - MEASURE U - $55.5M OF BONDS (REQ 55%)","BONDS - NO","","0","0","973","0","973","22","22","3052"
"PROP 13 - AUTHORIZES $15B IN BONDS FOR FACILITY REPAIR IN CA. SCHOOLS","YES","","0","0","276438","0","276438","1862","1862","663503"
"PROP 13 - AUTHORIZES $15B IN BONDS FOR FACILITY REPAIR IN CA. SCHOOLS","NO","","0","0","353009","0","353009","1862","1862","663503"
